{
  "hey": "this Alpha Md, how can I help you?",
  "oyah": "Oyah😂, my friend! What’s up with you?",
  "ozzah": "Radako, mzee! Long time no see.",
  "rada": "Radinya, what's up? 😂",
  "good": "I’m good, thanks! How about you? 😏",
  "yes": "Okay😏, sure! I got it.",
  "no": "Nah, not happening.",
  "yo": "Yo, what's up? How’s everything?",
  "brb": "I’ll be right back, just a sec.",
  "lol": "Haha, laugh out loud, that’s funny!",
  "omg": "Oh my god, did that really just happen?",
  "ttyl": "Talk to you later, take care!",
  "idk": "I don’t know, not sure about that.",
  "btw": "By the way, did you hear about this?",
  "smh": "Shaking my head, I can’t believe it.",
  "wtf": "What the heck, how did that even happen?",
  "ty": "Thank you so much, really appreciate it!",
  "np": "No problem at all, happy to help.",
  "lmao": "Laughing my ass off, that was hilarious!",
  "plz": "Please, could you help me out?",
  "bc": "Because, you know, it just makes sense.",
  "cya": "See you soon, take care!",
  "fyi": "For your information, this is what’s going on.",
  "asap": "As soon as possible, it’s urgent!",
  "xoxo": "Hugs and kisses, talk soon!",
  "nice": "together",
  "pamoja": "pamoja😏",
  "fine": "bravo",
  "ohh": "fine😏",
  "block": "that is weird😏",
  "naona": "ndomaana boss😏",
  "bro": "am listening to you",
  "yea": "cool😎",
  "sawa": "cool😎",
  "longtime": "🥲no see😎",
  "poa": "cool😎",
  "yeah": "cool😎",
  "boss": "cool😎",
  "cheki": "eehh😂😂",
  "acha": "eehhh😂😂",
  "ujinga": "nimeacha",
  "serious": "yea😂 man",
  "babe": "yes🌷 honey💔😻",
  "baby": "honey😻🥲",
  "ngombe": "umbwa saana",
  "fala": "ngombe😂 wewe",
  "wewe": "tena nini",
  "sana": "kabisa",
  "dwanzi": "saana",
  "fuck": "you won't see heaven ohh😂",
  "idiot": "you won't see heaven ohh😂",
  "pussy": "you won't see heaven ohh😂",
  "dick": "you won't see heaven ohh😂",
  "cool": "fine",
  "budaa": "radako mzee",
  "budah": "radako mzee",
  "budaah": "radako mzee",
  "example": "sup!",
  "nakutaka": "hadi mimi😻🥲💔",
  "sikutaki": "hadi mimi😻🥲💔",
  "sikupendi": "hadi mimi😻🥲💔",
  "nakupenda": "hadi mimi😻🥲💔",
  "dude": "am listening to you!",
  "good": "cool man 😎",
  "perfect": "cool",
  "safi": "shwari",
  "lol": "cool",
  "nini": "kwenda baana",
  "baana": "jooh",
  "jooh": "bana",
  "teseka": "teseka😂 tena na tena na tena",
  "bana": "jooh",
  "pole": "nishapoa",
  "kababa": "niambie kamama😂",
  "kamama": "niambie kababa😂",
  "maajabu": "jehova take me 😂😂",
  "lala": "poa",
  "zoea": "ehh😂😂",
  "kufa": "hautaona binguni wewe",
  "akii": "walai",
  "walai": "aki",
  "aki": "walai",
  "siradi": "jehovah😂",
  "shiett": "jehovah😂😂",
  "how": "'sup",
  "welcome": "thanks😻",
  "who": "'sup",
  "whom": "'sup",
  "congratulation": "thanks",
  "thanks": "my pleasure",
  "matako": "wwe unaniona tu kama kisogo yako😂😂",
  "follow": "done",
  "love": "love❤️ is a beautiful thing created by God❤️",
  "valentine": "happy valentines",
  "save": "done",
  "umbwa": "😂😂",
  "nkt": "well",
  "which": "'sup",
  "great": "superb",
  "fity": "ppoa boss",
  "fiti": "ppoa boss",
  "mambo": "ppoa, nko best na wewe?",
  "sasa": "ppoa, nko best na wewe?",
  "wozza": "radako mzee?",
  "vipi": "radako mzee?",
  "share": "done",
  "join": "done",
  "verify": "done",
  "help": "How can I assist you?!",
  "wollan": "😂😂",
  "mpenzi": "🥲❤️",
  "eiii": "eiii😂",
  "imejipa": "yea😂😂",
  "form": "nitolee😂😂",
  "mpoa": "❤️🥲😂yes",
  "nikam": "kamu teketeke😂😂",
  "ssup": "ssup😎",
  "mzee": "radako mzee?",
  "mkuu": "radako mzee?",
  "yohh": "my friend! What’s up?",
  "yooh": "my friend! What’s up?",
  "hello": "How are you doing?",
  "kaka": "mimi si mtanzania budahh",
  "dada": "mimi si mtanzania budahh",
  "hi": "Hello! How are you doing?",
  "salute": "Comment puis-je vous aider, patron ?",
  "morning": "Morning👋 too!",
  "goodmorning": "Morning👋 too!",
  "how are you": "I am just a bot, but I am here to help you!",
  "goodnight": "sleep tight and dream of your beloved one 🥲💔!",
  "night": "Good night! Sleep well!",
  "bonjour": "Bonjour, comment ça va ?",
  "salut": "Salut, ça va ?",
  "bonsoir": "Bonsoir, comment tu vas ?",
  "ça_va": "Ça va bien, et toi ?",
  "quel_est_ton_nom": "Quel est ton nom ?",
  "comment_ca_va": "Comment ça va ?",
  "d'où_viens_tu": "D'où viens-tu ?",
  "quelle_heure_est_il": "Quelle heure est-il ?",
  "aide": "Puis-je t'aider ?",
  "tu_peux_m'aider": "Tu peux m'aider, s'il te plaît ?",
  "je_besoin_d'aide": "J'ai besoin d'aide.",
  "je_comprends_pas": "Je ne comprends pas.",
  "au_revoir": "Au revoir, à bientôt !",
  "salut": "Salut, prends soin de toi !",
  "à_bientôt": "À bientôt, prends soin de toi.",
  "bonne_journée": "Bonne journée !",
  "merci": "Merci beaucoup !",
  "merci_pour_tout": "Merci pour tout !",
  "je_te_remercie": "Je te remercie !",
  "merci_bien": "Merci bien !",
  "oui": "Oui.",
  "d'accord": "D'accord.",
  "c'est_vrai": "C'est vrai.",
  "bien_sûr": "Bien sûr.",
  "s'il_te_plaît": "S'il te plaît.",
  "excuse_moi": "Excuse-moi.",
  "je_suis_désolé": "Je suis désolé.",
  "pas_de_problème": "Pas de problème.",
  "où_est": "Où est... ?",
  "comment_aller_à": "Comment aller à... ?",
  "tourner_à_gauche": "Tourner à gauche.",
  "bye": "Goodbye! Take care!"
}
